{"cameraMode":{"drawMode":0,"name":"Shaded","section":"Shading Mode"},"sceneLighting":false,"audioPlay":false,"sceneViewState":{"m_AlwaysRefresh":false,"showFog":true,"showSkybox":false,"showFlares":true,"showImageEffects":true,"showParticleSystems":true,"showVisualEffectGraphs":true,"m_FxEnabled":true},"in2DMode":false,"pivot":{"x":-0.004678371362388134,"y":7.569726943969727,"z":-0.004067428410053253},"rotation":{"x":0.002164442092180252,"y":0.9976708889007568,"z":-0.02271541766822338,"w":0.06776420772075653},"size":0.022216796875,"orthographic":false}