{"cameraMode":{"drawMode":0,"name":"Shaded","section":"Shading Mode"},"sceneLighting":false,"audioPlay":false,"sceneViewState":{"m_AlwaysRefresh":false,"showFog":true,"showSkybox":false,"showFlares":true,"showImageEffects":true,"showParticleSystems":true,"showVisualEffectGraphs":true,"m_FxEnabled":true},"in2DMode":false,"pivot":{"x":2.9149956703186037,"y":-5.114168643951416,"z":0.9813251495361328},"rotation":{"x":-0.12801314890384675,"y":0.1193000078201294,"z":-0.015559948049485684,"w":-0.9844887256622315},"size":13.787076950073243,"orthographic":false}