{"cameraMode":{"drawMode":0,"name":"Shaded","section":"Shading Mode"},"sceneLighting":true,"audioPlay":false,"sceneViewState":{"m_AlwaysRefresh":false,"showFog":true,"showSkybox":false,"showFlares":true,"showImageEffects":true,"showParticleSystems":true,"showVisualEffectGraphs":true,"m_FxEnabled":true},"in2DMode":false,"pivot":{"x":-43.34000015258789,"y":9.660000801086426,"z":56.689998626708987},"rotation":{"x":0.1349022537469864,"y":0.007417664397507906,"z":-0.001022599870339036,"w":0.9908949732780457},"size":42.132137298583987,"orthographic":false}