{"cameraMode":{"drawMode":0,"name":"Shaded","section":"Shading Mode"},"sceneLighting":true,"audioPlay":false,"sceneViewState":{"m_AlwaysRefresh":false,"showFog":true,"showSkybox":true,"showFlares":true,"showImageEffects":true,"showParticleSystems":true,"showVisualEffectGraphs":true,"m_FxEnabled":true},"in2DMode":false,"pivot":{"x":-48.82379150390625,"y":27.454320907592775,"z":16.905494689941408},"rotation":{"x":-0.1843123883008957,"y":0.09761521965265274,"z":-0.018630338832736017,"w":-0.9779202342033386},"size":29.68793296813965,"orthographic":false}