{"cameraMode":{"drawMode":0,"name":"Shaded","section":"Shading Mode"},"sceneLighting":true,"audioPlay":false,"sceneViewState":{"m_AlwaysRefresh":false,"showFog":true,"showSkybox":true,"showFlares":true,"showImageEffects":true,"showParticleSystems":true,"showVisualEffectGraphs":true,"m_FxEnabled":true},"in2DMode":false,"pivot":{"x":-30.36608123779297,"y":-21.687118530273439,"z":173.19859313964845},"rotation":{"x":-0.15955965220928193,"y":-0.08316610753536225,"z":0.013458924368023873,"w":-0.9836432933807373},"size":152.3511199951172,"orthographic":false}