{"cameraMode":{"drawMode":0,"name":"Shaded","section":"Shading Mode"},"sceneLighting":false,"audioPlay":false,"sceneViewState":{"m_AlwaysRefresh":false,"showFog":true,"showSkybox":false,"showFlares":true,"showImageEffects":true,"showParticleSystems":true,"showVisualEffectGraphs":true,"m_FxEnabled":true},"in2DMode":false,"pivot":{"x":-102.02679443359375,"y":-0.41167449951171877,"z":17.586498260498048},"rotation":{"x":-0.04245726391673088,"y":0.8786532282829285,"z":-0.07957154512405396,"w":-0.4688875079154968},"size":12.990714073181153,"orthographic":false}