{"cameraMode":{"drawMode":0,"name":"Shaded","section":"Shading Mode"},"sceneLighting":true,"audioPlay":false,"sceneViewState":{"m_AlwaysRefresh":false,"showFog":true,"showSkybox":false,"showFlares":true,"showImageEffects":true,"showParticleSystems":true,"showVisualEffectGraphs":true,"m_FxEnabled":true},"in2DMode":false,"pivot":{"x":-59.432579040527347,"y":-0.7241115570068359,"z":14.335911750793457},"rotation":{"x":-0.08664989471435547,"y":0.4748934507369995,"z":-0.04823880270123482,"w":-0.8746955394744873},"size":15.497982025146485,"orthographic":false}