{"cameraMode":{"drawMode":0,"name":"Shaded","section":"Shading Mode"},"sceneLighting":true,"audioPlay":false,"sceneViewState":{"m_AlwaysRefresh":false,"showFog":true,"showSkybox":false,"showFlares":true,"showImageEffects":true,"showParticleSystems":true,"showVisualEffectGraphs":true,"m_FxEnabled":true},"in2DMode":false,"pivot":{"x":-51.097129821777347,"y":28.279531478881837,"z":5.5989532470703129},"rotation":{"x":-0.00019955918833147734,"y":-0.999286413192749,"z":0.021333808079361917,"w":0.03771674260497093},"size":0.8660253882408142,"orthographic":false}