{"cameraMode":{"drawMode":0,"name":"Shaded","section":"Shading Mode"},"sceneLighting":false,"audioPlay":false,"sceneViewState":{"m_AlwaysRefresh":false,"showFog":true,"showSkybox":false,"showFlares":true,"showImageEffects":true,"showParticleSystems":true,"showVisualEffectGraphs":true,"m_FxEnabled":true},"in2DMode":false,"pivot":{"x":-47.97964096069336,"y":119.83687591552735,"z":110.30433654785156},"rotation":{"x":-0.49437668919563296,"y":0.37378087639808657,"z":0.2482556253671646,"w":0.7445199489593506},"size":37.346641540527347,"orthographic":false}