{"cameraMode":{"drawMode":0,"name":"Shaded","section":"Shading Mode"},"sceneLighting":false,"audioPlay":false,"sceneViewState":{"m_AlwaysRefresh":false,"showFog":true,"showSkybox":false,"showFlares":true,"showImageEffects":true,"showParticleSystems":true,"showVisualEffectGraphs":true,"m_FxEnabled":true},"in2DMode":false,"pivot":{"x":-20.57369041442871,"y":0.6199450492858887,"z":61.31012725830078},"rotation":{"x":-0.0018882500007748604,"y":0.8210676908493042,"z":0.0037958596367388965,"w":0.5712177753448486},"size":2.6222121715545656,"orthographic":false}